epoch,loss
0,9406.9140625
1,9950.73828125
2,10172.66015625
3,10379.96484375
4,10738.3349609375
5,11776.708984375
6,11760.056640625
